split,features,model,roc_auc,pr_auc,pr_auc_lift,mcc,balanced_acc,n,pos_rate,fold_roc_auc,fold_roc_auc_lo,fold_roc_auc_hi,fold_roc_auc_sd,fold_pr_auc,fold_pr_auc_lo,fold_pr_auc_hi,pooled_roc_auc,pooled_roc_auc_lo,pooled_roc_auc_hi,across_fold_lo,across_fold_hi,per_fold_auc,n_folds_scored
random,target_only,logistic,0.6458619792146113,0.5441814393730232,1.410600907014215,0.23720987015944076,0.6204779975156303,24177,0.38577987343342846,0.6472165964147004,0.6401578983708024,0.6546670170881547,0.011588014565769366,0.5378771564995731,0.5301926252703033,0.5462945485512787,0.6458619792146113,0.6381321980210958,0.6531332701772018,0.6311298532546549,0.663303339574746,"[0.6427, 0.6424, 0.6344, 0.648, 0.6687]",5
random,physchem,lightgbm,0.9377114412774323,0.9114609496356877,2.362645157000324,0.7190608776822881,0.8641726582865212,24177,0.38577987343342846,0.9377883902108533,0.9347175526924576,0.940610855958116,0.0025851312770598708,0.9115964978736419,0.9069547083078539,0.915842949132622,0.9377114412774323,0.9347401730755972,0.940709604984479,0.93419965267061,0.9413771277510965,"[0.9358, 0.9407, 0.9344, 0.9372, 0.9409]",5
random,physchem,logistic,0.7282492304482227,0.6180028783322884,1.6019572841685148,0.3005191195616356,0.6541686728981679,24177,0.38577987343342846,0.7282831073015033,0.721964782885709,0.7345927972357966,0.0057642954463576,0.6186257145452049,0.610551877736578,0.6288647390920283,0.7282492304482227,0.721646772665723,0.7345876474981761,0.7202809823630265,0.73628523223998,"[0.7201, 0.73, 0.723, 0.734, 0.7343]",5
random,ecfp,lightgbm,0.9862401723536066,0.9806683522845647,2.5420412515475417,0.891368686981292,0.9471460612341924,24177,0.38577987343342846,0.9863088735475541,0.9849350478416068,0.98762174723499,0.0012281244994033743,0.9807407349021865,0.9786899420356144,0.9825721230256445,0.9862401723536066,0.9849964302075109,0.9874914778931879,0.9846039634200832,0.9880137836750251,"[0.9858, 0.986, 0.9871, 0.9845, 0.9882]",5
random,ecfp,logistic,0.9587490717907786,0.9364754153129705,2.4274864496645963,0.7979001847009217,0.9020182526454639,24177,0.38577987343342846,0.958832238877525,0.9565282166710384,0.9611925541458916,0.0009644791928077752,0.9366470528997268,0.9326758022662222,0.940567870550083,0.9587490717907786,0.9563830860695877,0.9610161740344008,0.9574933271105569,0.9601711506444931,"[0.9584, 0.9579, 0.9579, 0.9598, 0.9602]",5
random,combined,lightgbm,0.9877108672948708,0.982663862431925,2.5472139168024714,0.8997792463276809,0.9510438576826483,24177,0.38577987343342846,0.9877614400873742,0.9864564394516269,0.9890532166279843,0.0009472621918785131,0.9827238799522293,0.9807401740520982,0.9844457135212311,0.9877108672948708,0.9864919390647116,0.9888931654199693,0.9864464293493842,0.9890764508253642,"[0.9878, 0.9869, 0.9883, 0.9866, 0.9892]",5
random,combined,logistic,0.9593036508539885,0.9367285282023144,2.4281425567006925,0.8006908257133836,0.9030708716845739,24177,0.38577987343342846,0.9594274980774957,0.9571678350920778,0.9617976644722404,0.0012794998760789387,0.9369328037656715,0.9328765492994221,0.941100040731231,0.9593036508539885,0.9569471584975231,0.9616635722147676,0.9576512674934754,0.961203728661516,"[0.9573, 0.9599, 0.9588, 0.9602, 0.961]",5
scaffold,target_only,logistic,0.5605786141317395,0.47136588592203454,1.2218519378081945,0.15453593462624168,0.5761886258315978,24177,0.38577987343342846,0.5756147046578535,0.5676530107543571,0.5830357070394209,0.07245813469998835,0.4884471740274514,0.4807708750268234,0.4962260048734318,0.5605786141317395,0.5527062207435854,0.5683950920520021,0.47502668794808095,0.676202721367626,"[0.4401, 0.5827, 0.6014, 0.596, 0.6578]",5
scaffold,physchem,lightgbm,0.8414080550330147,0.7672546107219499,1.9888404335182355,0.5144578733751987,0.7596375895764766,24177,0.38577987343342846,0.84196245817413,0.8366366257380276,0.8470198268084074,0.014080506149612995,0.7665514481062413,0.7582921465785813,0.7744680098029559,0.8414080550330147,0.8366607254959083,0.8463467223790747,0.8224155819852298,0.8615093343630301,"[0.8546, 0.8439, 0.8151, 0.8442, 0.852]",5
scaffold,physchem,logistic,0.706234732154106,0.5796859655923888,1.5026340291762823,0.2866510485751636,0.6470114893981089,24177,0.38577987343342846,0.7086218321426931,0.701862526685816,0.7151700228003212,0.023104068272881056,0.5834827289283266,0.5750781985056,0.5933849589833478,0.706234732154106,0.6995463339300586,0.7126633022805158,0.676548243509495,0.7406954207758912,"[0.7006, 0.7306, 0.6691, 0.7105, 0.7322]",5
scaffold,ecfp,lightgbm,0.9516079092631039,0.930912601123072,2.413066790752923,0.7681064116436628,0.8813227590583654,24177,0.38577987343342846,0.9516065496447954,0.9488818027259729,0.9544043435342637,0.005476613419804216,0.930815244832097,0.926858931301347,0.9351083605973063,0.9516079092631039,0.9491525666406391,0.9541124328052333,0.9440037913835574,0.9592093079060334,"[0.9503, 0.9433, 0.9571, 0.9492, 0.9581]",5
scaffold,ecfp,logistic,0.9001115547743617,0.8524707205243776,2.2097335274062266,0.6423496872015687,0.821187645729299,24177,0.38577987343342846,0.9002634938683995,0.8962244971036845,0.9040913523057017,0.007715161605408885,0.8522966090414437,0.8458534241788465,0.8586864390769198,0.9001115547743617,0.8962566357257576,0.9039736465292646,0.8895531325308258,0.9109738552059733,"[0.8891, 0.9013, 0.913, 0.8973, 0.9007]",5
scaffold,combined,lightgbm,0.9543213161600639,0.9322748226699387,2.4165978758112048,0.7797739667072907,0.8873422874612968,24177,0.38577987343342846,0.9542067463543287,0.9514927204760731,0.9568563717200929,0.005758083655868138,0.9320817041247459,0.9276445950358359,0.9366269972568717,0.9543213161600639,0.9518818198784962,0.9567617630325629,0.9462132447635014,0.9622002479451559,"[0.9585, 0.9467, 0.9581, 0.9477, 0.96]",5
scaffold,combined,logistic,0.900995899454139,0.8545929774569218,2.2152347395707084,0.644596621168271,0.8221304066720599,24177,0.38577987343342846,0.9012545084544357,0.8972307451139754,0.9051541762428928,0.007586199313212115,0.854911662568498,0.848577463756481,0.8611877388204165,0.900995899454139,0.89707725751132,0.9048760569491779,0.8907231754793243,0.911785841429547,"[0.8897, 0.9039, 0.9132, 0.9001, 0.8994]",5
temporal,target_only,logistic,0.31746178984911355,0.31108258792453475,0.8344688266599314,-0.2724594480513831,0.36104574904922915,4697,0.37279114328294655,0.31746178984911355,0.3016313730918187,0.33397150033168904,0.0,0.31108258792453475,0.3006698752835475,0.3219613430623306,0.31746178984911355,0.3016313730918187,0.33397150033168904,,,[0.3175],1
temporal,physchem,lightgbm,0.6240815547938274,0.4736340641479584,1.2705078237024332,0.1640024189983905,0.5801853891656519,4697,0.37279114328294655,0.6240815547938274,0.6074080474041987,0.640366997153794,0.0,0.4736340641479584,0.4563916052767649,0.4929365496684565,0.6240815547938274,0.6074080474041987,0.640366997153794,,,[0.6241],1
temporal,physchem,logistic,0.5962673642410913,0.46102317545830035,1.2366795289135561,0.1219728706413902,0.5624788938374077,4697,0.37279114328294655,0.5962673642410913,0.5795249407476593,0.6128116006254597,0.0,0.46102317545830035,0.4436888929403009,0.4803139699745854,0.5962673642410913,0.5795249407476593,0.6128116006254597,,,[0.5963],1
temporal,ecfp,lightgbm,0.7044747584834657,0.5571556335169701,1.4945516908219352,0.30339633905778135,0.6420389008627791,4697,0.37279114328294655,0.7044747584834657,0.6889084135028262,0.7199321995422653,0.0,0.5571556335169701,0.537345173934372,0.5793733659656546,0.7044747584834657,0.6889084135028262,0.7199321995422653,,,[0.7045],1
temporal,ecfp,logistic,0.6397102925958709,0.47147889439967394,1.2647266516249391,0.1806576895685097,0.5851619848303152,4697,0.37279114328294655,0.6397102925958709,0.6238962422016244,0.6561961489952594,0.0,0.47147889439967394,0.45482046180030583,0.49032984537011254,0.6397102925958709,0.6238962422016244,0.6561961489952594,,,[0.6397],1
temporal,combined,lightgbm,0.6989131998280103,0.5492721422318878,1.4734044843307694,0.2664426069893583,0.6247385355977362,4697,0.37279114328294655,0.6989131998280103,0.6834948354601367,0.7137414252276751,0.0,0.5492721422318878,0.5297898227292538,0.5709549125335784,0.6989131998280103,0.6834948354601367,0.7137414252276751,,,[0.6989],1
temporal,combined,logistic,0.6498978568351788,0.4824458110469848,1.2941450453955956,0.18632034612528625,0.5874761507632338,4697,0.37279114328294655,0.6498978568351788,0.6340440682135666,0.6662994388232426,0.0,0.4824458110469848,0.4654744623699613,0.5017121608442799,0.6498978568351788,0.6340440682135666,0.6662994388232426,,,[0.6499],1
target,target_only,logistic,0.49859161285128906,0.39928730915701827,1.0350133240580284,0.0,0.5,24177,0.38577987343342846,0.5,0.5,0.5,0.0,0.3557233262066581,0.3557233262066581,0.3557233262066581,0.49859161285128906,0.491281561459995,0.5062408433536609,0.5,0.5,"[0.5, 0.5, 0.5, 0.5, 0.5]",5
target,physchem,lightgbm,0.7004969208904022,0.5846783059905876,1.5155749334120763,0.3009585378173269,0.6465670752772715,24177,0.38577987343342846,0.7016816037007985,0.6886869222716464,0.7149429711977627,0.05985384138853408,0.550104743137857,0.5372956886331037,0.5674836668992121,0.7004969208904022,0.693549838021399,0.7070523064171611,0.6185911512255582,0.7847720561760387,"[0.7536, 0.7926, 0.6442, 0.658, 0.66]",5
target,physchem,logistic,0.6426572649045041,0.5044889242021984,1.307711881680771,0.22524592458486276,0.6156685001619064,24177,0.38577987343342846,0.6429442492959534,0.6291479932088109,0.6566336155044297,0.06320866777027823,0.47064769191015854,0.4621124230342015,0.4848401689656393,0.6426572649045041,0.6353782588401437,0.6496346040549161,0.5551965511775221,0.7306919474143847,"[0.6344, 0.7623, 0.581, 0.6009, 0.6361]",5
target,ecfp,lightgbm,0.7350719806622026,0.6357062879499662,1.647847209581466,0.3534093168101865,0.6624219031745567,24177,0.38577987343342846,0.6807123424585726,0.6660938893345809,0.6948615677133342,0.13873251608445994,0.565485572741251,0.555023267013919,0.5801300111265094,0.7350719806622026,0.7285682473388327,0.741232077394509,0.4881207348513361,0.8733039500658091,"[0.7834, 0.8069, 0.4201, 0.7225, 0.6706]",5
target,ecfp,logistic,0.6760837350308777,0.5419859499394757,1.4049098650891716,0.2702213817058334,0.6286977418659632,24177,0.38577987343342846,0.6479044442221804,0.6329225208663505,0.6627116516044944,0.08481498761566887,0.5010086980242854,0.4911118724082891,0.5160485157448448,0.6760837350308777,0.6695734281631945,0.6828229166328232,0.5301623656157127,0.7656465228286481,"[0.6861, 0.7337, 0.4854, 0.6687, 0.6655]",5
target,combined,lightgbm,0.754931860328022,0.676353192080589,1.7532101559914657,0.38363610664904724,0.6810160032836134,24177,0.38577987343342846,0.7032578445683956,0.6882408821803297,0.7183374299072824,0.13525719611996803,0.5934268085489702,0.5828410562899599,0.6098320037199234,0.754931860328022,0.7487666363791592,0.7610196186517619,0.515490754513364,0.8910249346234271,"[0.808, 0.8265, 0.4497, 0.7346, 0.6975]",5
target,combined,logistic,0.68509870514588,0.5486924669358915,1.422294175309215,0.282782720051351,0.6349689345475772,24177,0.38577987343342846,0.6603964729869951,0.6453163452501983,0.675900185912459,0.07792400690748298,0.5135096343111099,0.5028941128393912,0.5293836318322096,0.68509870514588,0.6785372772794237,0.691588031867945,0.5522206092091551,0.7685723367648352,"[0.6742, 0.7607, 0.5202, 0.6806, 0.6663]",5
