split,question,a,b,delta,lo,hi,significant,p_two_sided,p_resolution_floor,per_fold_delta
random,structure beyond physchem,combined/lightgbm,physchem/lightgbm,0.04997304987652096,0.04748055165844667,0.05270240629951771,True,0.0,0.0005,"[0.05204573422687031, 0.04623386418670461, 0.05390093969182441, 0.049364692501421836, 0.048320018775782736]"
random,chemistry beyond target identity,combined/lightgbm,target_only/logistic,0.3405448436726738,0.3332556214822921,0.34753810663474755,True,0.0,0.0005,"[0.34516584205758916, 0.34453728063052824, 0.3539550103357074, 0.3386056273187641, 0.3204604580207796]"
random,fingerprint beyond physchem,ecfp/lightgbm,physchem/lightgbm,0.04852048333670089,0.04595403214009915,0.051345834985468346,True,0.0,0.0005,"[0.05002950187837618, 0.04528493220883367, 0.05265036423213376, 0.047337449562650624, 0.047300168801509335]"
scaffold,structure beyond physchem,combined/lightgbm,physchem/lightgbm,0.11224428818019871,0.10818729951725173,0.11648878724281768,True,0.0,0.0005,"[0.10395618842156973, 0.10274705971462561, 0.14298344521704276, 0.10347778072785907, 0.10805696681989652]"
scaffold,chemistry beyond target identity,combined/lightgbm,target_only/logistic,0.3785920416964752,0.3713170804071418,0.38622004489952505,True,0.0,0.0005,"[0.5184138166828789, 0.3640288436435365, 0.35663940085316126, 0.3516868559260331, 0.30219129137676604]"
scaffold,fingerprint beyond physchem,ecfp/lightgbm,physchem/lightgbm,0.10964409147066545,0.10517752059495805,0.1144142022121135,True,0.0,0.0005,"[0.09568633966092333, 0.09935263763500835, 0.14207531356672942, 0.10493662911048507, 0.1061695373801812]"
temporal,structure beyond physchem,combined/lightgbm,physchem/lightgbm,0.07483164503418283,0.05882902767616449,0.08971870355917283,True,0.0,0.0005,[0.07483164503418283]
temporal,chemistry beyond target identity,combined/lightgbm,target_only/logistic,0.3814514099788967,0.3627866779064858,0.39940298880709413,True,0.0,0.0005,[0.3814514099788967]
temporal,fingerprint beyond physchem,ecfp/lightgbm,physchem/lightgbm,0.08039320368963832,0.06154400230224361,0.09823419931118797,True,0.0,0.0005,[0.08039320368963832]
target,structure beyond physchem,combined/lightgbm,physchem/lightgbm,0.0015762408675971118,-0.010957497501672762,0.014352398790449084,False,0.798,0.0005,"[0.05434532572690465, 0.03391801685143592, -0.1945360857133881, 0.07664246778935602, 0.03751147968367685]"
target,fingerprint beyond physchem,ecfp/lightgbm,physchem/lightgbm,-0.020969261242225867,-0.03493058843071149,-0.007044435943322263,True,0.005,0.0005,"[0.029779796227164534, 0.01432682281879949, -0.22410217739655014, 0.06453946017306111, 0.010609791966394999]"
