property,pooled_delta,property_sd,pooled_delta_std,within_target_delta_std,within_lo_std,within_hi_std,within_target_delta,within_target_median,within_lo,within_hi,n_targets,frac_targets_positive,sign_flip
TPSA,-3.680000000000007,35.55053753770097,-0.10351460919817052,-0.2929053088276871,-0.554978670868261,-0.030831946787113197,-10.412941176470586,-7.880000000000003,-19.729790071325503,-1.0960922816156664,85,0.3764705882352941,False
StereoCentres,0.0,1.3498768755323796,0.0,-0.2701771464964939,-0.5353800801721431,-0.004974212820844689,-0.36470588235294116,0.0,-0.7226971898450474,-0.006714574860834932,85,0.17647058823529413,False
cLogP,-0.1928399999999999,1.5396710853843496,-0.1252475297033074,0.2700969923767541,0.05221101813796305,0.48798296661554513,0.4158605294117654,0.2564000000000006,0.08038779496549953,0.7513332638580312,85,0.6235294117647059,True
FractionCSP3,-0.08166969147005448,0.17134238643583571,-0.4766461654287636,-0.2686005641346832,-0.5131430977009226,-0.024058030568443863,-0.04602266165684837,-0.0437062937062937,-0.08792316294315328,-0.004122160370543457,85,0.3058823529411765,False
HBD,0.0,1.335021804996095,0.0,-0.23352780060642148,-0.5242568966799501,0.05720129546710715,-0.31176470588235294,0.0,-0.6998943884873182,0.07636497672261233,85,0.3176470588235294,False
AliphaticRings,0.0,1.068357900667806,0.0,-0.20922708731313994,-0.42443735084506373,0.0059831762187839005,-0.2235294117647059,0.0,-0.4534509971138373,0.006392173584425509,85,0.23529411764705882,False
NumHeteroatoms,0.0,2.794308636157725,0.0,-0.19788121087114496,-0.4333312636594014,0.03756884191711147,-0.5529411764705883,0.0,-1.2108612923606055,0.10497893941942893,85,0.36470588235294116,False
HBA,0.0,2.023280935865943,0.0,-0.19188402719342898,-0.41468521639588324,0.030917162009025258,-0.38823529411764707,0.0,-0.8390246927192337,0.06255410448393961,85,0.3176470588235294,False
AromaticRings,0.0,0.9961627063108845,0.0,0.18896039063211245,-0.07956372699620509,0.45748450826042997,0.18823529411764706,0.0,-0.07925841760872004,0.45572900584401416,85,0.4117647058823529,False
RingCount,0.0,1.193368991544683,0.0,-0.16266355874351981,-0.4023377266750844,0.07701060918804477,-0.19411764705882353,0.0,-0.4801373671426258,0.09190207302497869,85,0.2823529411764706,False
QED,0.06452713734832449,0.19127763522540286,0.33734805050410244,0.15177659402279153,-0.08037893575506945,0.3839321238006525,0.02903146798724558,0.011393568338871451,-0.015374692753164266,0.07343762872765543,85,0.5647058823529412,False
NumAmideBonds,1.0,0.9264035665906065,1.0794431671719988,0.14604231085268218,-0.1278899304330432,0.4199745521384076,0.13529411764705881,0.0,-0.11847768768419578,0.38906592297831344,85,0.3176470588235294,False
HeavyAtoms,-2.0,7.1773217342458215,-0.27865547540626673,-0.1450647621967918,-0.39334837091473485,0.10321884652115124,-1.0411764705882354,0.0,-2.8231878116965134,0.7408348705200425,85,0.4470588235294118,False
LabuteASA,-11.305800881346983,42.11092881975445,-0.2684766448571748,-0.14270565235340205,-0.3843031109972241,0.09889180629042,-6.009467568430737,-0.4165098402669969,-16.183360952414297,4.164425815552822,85,0.49411764705882355,False
MolWt,-22.56899999999996,102.54129696277136,-0.22009668951421457,-0.13001831899653032,-0.3657229638571982,0.10568632586413756,-13.332247058823553,-1.6599999999999682,-37.501707042985856,10.837212925338752,85,0.47058823529411764,False
RotB,0.0,3.186736531512822,0.0,-0.09967785403104365,-0.337152932359931,0.13779722429784363,-0.3176470588235294,-0.5,-1.0744175662580635,0.4391234486110046,85,0.36470588235294116,False
NumBridgeheads,0.0,0.5335099382212916,0.0,-0.08820608606899559,-0.20972364267069468,0.03331147053270351,-0.047058823529411764,0.0,-0.11188964764478655,0.017772000585963024,85,0.0,False
BertzCT,-16.645508826038395,318.817387482787,-0.05221016631954268,-0.049490418656518924,-0.2951390707975588,0.19615823348452097,-15.778405981500745,-27.22903730315693,-94.09546749577501,62.538655532773525,85,0.4588235294117647,False
NumSpiroAtoms,0.0,0.24155096743531465,0.0,0.04870485929849746,-0.11729418194486746,0.21470390054186236,0.011764705882352941,0.0,-0.02833252312331655,0.05186193488802243,85,0.023529411764705882,False
FormalCharge,0.0,0.17097289729642737,0.0,0.0,0.0,0.0,0.0,0.0,0.0,0.0,85,0.0,False
