feature,mean_abs_shap,mean_signed_shap,mean_signed_shap_when_present,n_molecules_with_feature,direction
FractionCSP3,0.30345395691954846,0.027477529196444472,0.014885685211725,23316,-> allosteric
TPSA,0.1631095469941908,-0.010012502580729638,-0.009839232652986585,24174,-> orthosteric
LabuteASA,0.1583641135775253,0.004814212070811056,0.004814212070811056,24177,-> allosteric
ECFP4_1455,0.12126172265516505,-0.04728652734948326,0.4250233595307653,2104,-> allosteric
QED,0.11070452501051013,-0.0007709606857427925,-0.0007709606857427925,24177,-> orthosteric
NumAmideBonds,0.10740348147983915,0.004558109290874376,0.1113408482497305,12113,-> allosteric
ECFP4_1487,0.09757174366294546,-0.029369613652115732,0.2757611570346954,2953,-> allosteric
ECFP4_45,0.09691275751921051,-0.03837132055898387,0.2678208057637476,2638,-> allosteric
AromaticRings,0.09247007101836013,0.0016831409302855548,0.00351178616742895,23788,-> allosteric
HBD,0.08941391085753743,-0.0003798457943198438,-0.05669224321854394,16523,-> orthosteric
RotB,0.08869502033584302,-0.0005017523193022797,-0.0038625103306664734,23823,-> orthosteric
ECFP4_745,0.0758185133113181,0.0033031574690140816,0.3629766635399569,2626,-> allosteric
AliphaticRings,0.07146555533266702,-0.00406142575441711,-0.02355781977391779,16543,-> orthosteric
cLogP,0.07028289407307255,0.0013657192668354021,0.00896139071213626,23878,-> allosteric
ECFP4_389,0.06852795095355987,0.004310896992019131,-0.11425533899472452,6736,-> orthosteric
ECFP4_1535,0.06472854158654438,-0.014903742535855831,0.076576532968915,7807,-> allosteric
ECFP4_407,0.06412552445055272,0.009168805805686004,0.22975305295576573,3855,-> allosteric
BertzCT,0.062266464943012495,0.0014983596701768893,0.0014983596701768893,24177,-> allosteric
ECFP4_724,0.06152761218641211,0.0030118103835741895,0.39205266820968815,1990,-> allosteric
ECFP4_807,0.06099862464525277,0.002158080554737235,-0.04814784083058768,14719,-> orthosteric
ECFP4_1249,0.06051617117729983,-0.009899362128910762,0.3563659521211438,1717,-> allosteric
ECFP4_314,0.05644945708699785,-0.005282441676596341,0.10250734180884348,5909,-> allosteric
ECFP4_1791,0.05545849356662553,0.004767471919309765,-0.2712609186292942,2259,-> orthosteric
ECFP4_1385,0.054028122546227124,0.0018525959173959787,-0.19027430584966173,3298,-> orthosteric
StereoCentres,0.053802428092757294,-0.0023299033498638817,-0.06585509068806228,9678,-> orthosteric
ECFP4_1457,0.05109770175173569,-0.015208172589811483,0.1716973931451736,2520,-> allosteric
ECFP4_800,0.046743240161439555,-0.0006392181466143099,-0.45026115554575136,1270,-> orthosteric
ECFP4_490,0.04461184793949983,-0.038431849158982255,-0.020088525905015638,2095,-> orthosteric
MolWt,0.0438726471280334,0.001066523124421331,0.001066523124421331,24177,-> allosteric
ECFP4_1855,0.042466728500698735,-0.007822105463175001,-0.06052181728541448,8954,-> orthosteric
ECFP4_464,0.04209501094022007,-0.00989538493597973,0.13584345083962118,2862,-> allosteric
ECFP4_1840,0.04012861169042365,-0.003792553875119702,0.12137270625501352,3619,-> allosteric
ECFP4_879,0.04001755868265017,-0.008125200529746348,0.2867875953236255,1344,-> allosteric
ECFP4_585,0.039874885549435926,0.005162192741280317,-0.2822776259708554,1486,-> orthosteric
NumBridgeheads,0.03764127635771866,0.00797772016029529,-0.2870268545423454,1249,-> orthosteric
ECFP4_853,0.03734795152131322,-0.02787473107683151,0.15293497836610312,728,-> allosteric
ECFP4_1171,0.03694125437258247,-0.011510466142825792,-0.1256967367264809,4473,-> orthosteric
ECFP4_401,0.03551549075713631,0.006834189244813434,-0.4339348101773647,799,-> orthosteric
ECFP4_1452,0.035484630944760995,-0.017183900669878217,0.013924491895549297,11551,-> allosteric
HeavyAtoms,0.0342218412631885,-0.0015196560619851825,-0.0015196560619851825,24177,-> orthosteric
